,ID,0,5,10,15,20,25,30,35,40,45,50,55,60,65,70,75,80,85,90
Fz_001,101,751.6662733,748.7129879,740.0615447,725.7777862,705.9704205,680.7901937,650.4287424,615.1171356,575.1241161,530.7540547,482.3446345,430.2642804,374.9093553,316.7011436,256.082645,193.5152028,129.4749931,64.44940057,-1.066690855
Fz_002,102,844.7324381,841.3312255,831.5269743,815.3943007,793.0559842,764.6820328,730.4883893,690.7352882,645.7252744,595.8009013,541.3421237,482.7634056,420.5105665,355.0573881,286.9020086,216.5631316,144.5760783,71.48871383,-2.142722939
Fz_003,103,994.6774961,990.7139212,979.2104152,960.2545266,933.9905213,900.6182842,860.3917981,813.6172109,760.6505054,701.8947904,637.7972321,568.8456518,495.5648126,418.512426,338.2749071,255.4629118,170.7066896,84.65128641,-2.048364196
Fz_004,104,1183.75218,1179.186549,1165.646595,1143.235368,1112.123428,1072.547558,1024.808954,969.2709344,906.3561779,836.5435035,760.364228,678.3981217,591.2689959,499.6399561,404.2083546,305.7004834,204.8660469,102.4724561,-0.701011934
Fz_005,105,1377.897013,1372.743553,1357.142686,1331.213143,1295.152265,1249.234496,1193.809298,1129.29849,1056.193039,975.0493215,886.4848897,791.1737725,689.8413453,583.2588088,472.2373206,357.6218213,240.284604,121.1186758,1.030961262
Fz_006,106,992.4977734,988.8636556,977.7036882,959.1028055,933.2025712,900.2001019,860.3465663,813.9452738,761.3493663,702.9591304,639.2189511,570.6139296,497.6661915,420.9309132,340.9920965,258.4581241,173.9571293,88.13221563,1.636562623
Fz_007,107,770.4475146,752.1232613,728.0748959,698.4854408,663.5800898,623.6244937,578.9227386,529.8150319,476.6751128,419.9074084,359.943955,297.2411108,232.2760823,165.5432925,97.5506183,28.81552499,-40.13887186,-108.7877877,-176.6087627
Fz_008,108,823.1013221,805.2233052,781.2170527,751.2652667,715.5958984,674.4804133,628.2317249,577.2018138,521.7790483,462.3852293,399.4723794,333.5193035,265.0279444,194.5195625,122.5307694,49.60944305,-23.68944108,-96.80803425,-169.1898598
Fz_009,109,933.7991391,920.3961944,899.9884788,872.7313075,838.832124,798.5489216,752.1882796,700.1030307,642.6895749,580.3848635,513.6630727,443.0319959,369.029178,292.2178253,213.1825184,132.5247639,50.85841592,-31.19499532,-113.0109938
Fz_010,110,1098.312694,1091.675604,1076.730203,1053.590235,1022.43181,983.492061,937.0673437,883.510978,823.2305603,756.684861,684.380333,606.8672574,524.7355556,438.6102993,349.1469538,257.0263892,162.9496985,67.63286229,-28.19870088
Fz_011,111,1284.720563,1284.156764,1273.819756,1253.78821,1224.214579,1185.323936,1137.412262,1080.844194,1016.050249,943.523548,863.8160632,777.5344165,685.3352635,587.9202953,486.0308986,380.4425134,271.9587308,161.4051782,49.62323463
Fz_012,112,1422.615182,1425.629959,1417.794831,1399.169428,1369.895501,1330.195842,1280.37259,1220.804929,1151.946205,1074.320475,988.5185177,895.1933376,795.0551956,688.8662035,577.4345237,461.6082185,342.268796,220.3245013,96.70340409
Fz_013,113,1178.044067,1129.747505,1072.852883,1007.793202,935.0636062,855.2176119,768.8628952,676.6566676,579.3006742,477.5358529,372.1366954,263.9053529,153.6655314,42.25622232,-69.47468208,-180.6768422,-290.5039425,-398.1201323,-502.7063875
Fz_014,114,877.0475362,843.8520777,804.2343955,758.4960038,706.9849996,650.0934127,588.2542223,521.9380622,451.6496382,377.9238877,301.3219083,222.4266872,141.8386647,60.17116433,-21.95427493,-103.9126289,-185.080145,-264.8390895,-342.5824486
Fz_015,115,942.1497803,918.1940845,887.2503773,849.554159,805.3923205,755.1009602,699.0628257,637.7044009,571.4926606,500.9315161,426.5579802,348.9380806,268.6625515,186.3423381,102.6039471,18.084678,-66.57222638,-150.7224759,-233.7256364
Fz_016,116,1062.167951,1051.364037,1032.558607,1005.894782,971.5754912,929.8619241,881.0715462,825.5756818,763.796688,696.2047402,623.314254,545.6799699,463.8927317,378.5749898,290.3760636,199.9672002,108.0364657,15.28350846,-77.58576552
Fz_017,117,1215.71131,1217.386127,1209.795901,1192.998397,1167.121455,1132.362013,1088.984614,1037.319383,977.7595264,910.7583289,836.8257106,756.5243434,670.4653691,579.3037485,483.7332766,384.4813024,282.3031933,177.9765864,72.29547027
Fz_018,118,1353.950526,1364.29217,1364.250728,1353.826513,1333.098861,1302.225522,1261.44146,1211.057067,1151.455799,1083.091256,1006.483735,922.2162657,830.9301733,733.3202006,630.1292184,522.1425723,410.1821059,295.0999061,177.7718178
Fz_019,119,482.440001,486.5628371,486.9826363,483.6962035,476.7285506,466.1327055,451.9893091,434.4060011,413.5166012,389.4800902,362.4794006,332.7200239,300.4284469,265.850428,229.2491268,190.9031013,151.104188,110.1552805,68.3680249
Fz_020,120,980.2278717,939.7975229,892.2147475,837.841679,777.0921295,710.4284397,638.3579605,561.4291918,480.2276079,395.3712019,307.5057824,217.3000581,125.4405493,32.62636206,-60.43613145,-153.0386695,-244.4764909,-334.0536985,-421.0885559
Fz_021,121,1016.995739,988.2025078,951.8884585,908.3299633,857.8585286,800.8582725,737.7630014,669.0529084,595.2509187,516.9187102,434.6524381,349.0781986,260.8472631,170.6311225,79.11637601,-13.00049388,-105.0184221,-196.2370968,-285.9622887
Fz_022,122,1094.384521,1082.911155,1063.196181,1035.389642,999.7031633,956.4083394,905.8346706,848.3670529,784.4428497,714.5485628,639.2161299,559.0188762,474.5671514,386.503684,295.4986901,202.2447728,107.4516507,11.84075664,-83.86025274
Fz_023,123,1203.87962,1209.600871,1206.11633,1193.452515,1171.705805,1141.041708,1101.693593,1053.960925,998.2069787,934.8560741,864.3903502,787.3460939,704.3096584,615.9130011,522.8288739,425.7657034,325.4621987,222.6817302,118.2065193
Fz_024,124,1333.217559,1353.37143,1363.225328,1362.704258,1351.812186,1330.632006,1299.324914,1258.129175,1207.358312,1147.398724,1078.706739,1001.805145,917.279208,825.7722226,727.980612,624.6486293,516.5626934,404.5454036,289.4492789
Fz_025,125,951.6401711,967.6530013,976.3014078,977.5195711,971.2982203,957.6847035,936.7826279,908.7510708,873.8033693,832.2054966,784.2740376,730.3737796,670.9149361,606.3500248,537.1704237,463.9026313,387.1042598,307.3597912,225.2761289
Fz_026,126,1498.351289,1460.465446,1411.46458,1351.721615,1281.691233,1201.906407,1112.974348,1015.571881,910.4402993,798.3797172,680.2429833,556.9291896,429.3768285,298.5566504,165.4642759,31.11261844,-103.4758249,-237.2767547,-369.2718651
Fz_027,127,1126.810212,1105.840791,1076.455254,1038.877242,993.392747,940.3479335,880.1465045,813.2466291,740.1574558,661.4352373,577.6790973,489.5264706,397.6482518,302.7436898,205.5350654,106.7621951,7.176800078,-92.46321477,-191.3995287
Fz_028,128,1180.691824,1176.158766,1162.67443,1140.34144,1109.329763,1069.875416,1022.278672,966.9017691,904.1661603,834.5493011,758.5810178,676.839475,589.946775,498.5642238,403.3872979,305.1403511,204.5711019,102.4449431,-0.460883504
Fz_029,129,1255.512877,1269.712303,1274.248451,1269.086799,1254.266631,1229.900736,1196.174553,1153.34476,1101.737317,1041.744988,973.8243505,898.4923216,816.3222236,727.9394205,634.016559,535.2684486,432.4466221,326.3336156,217.7370134
Fz_030,130,1337.263376,1365.211668,1382.769875,1389.804369,1386.261612,1372.168567,1347.632491,1312.840118,1268.056239,1213.621686,1149.950739,1077.527973,996.9045685,908.6941181,813.5679569,712.2500522,605.5114946,494.1646288,379.0568719
Fz_031,131,932.1348747,958.1445886,976.8622436,988.1453871,991.9081476,988.1218882,976.8154245,958.0748056,932.042659,898.9171049,858.9502489,812.4462629,759.7590702,701.2896522,637.4829966,568.8247104,495.8373247,419.0763175,339.1258866
Fz_032,132,1244.881282,1246.000446,1237.636794,1219.853978,1192.787338,1156.642865,1111.695642,1058.287744,996.8256368,927.7770849,851.6675891,769.0763887,680.6320526,587.0076956,488.9158556,387.1030707,282.3441977,175.4365149,67.19365431
Fz_033,133,1287.389015,1299.80715,1302.332968,1294.947245,1277.706193,1250.741024,1214.256961,1168.53167,1113.913147,1050.817072,979.7236447,901.173929,815.7657356,724.1490724,627.0211974,525.1213126,419.2249374,310.1380074,198.6907399
Fz_034,134,1344.872165,1373.894155,1392.459981,1400.428345,1397.738605,1384.411229,1360.547648,1326.329478,1282.01714,1227.947877,1164.53319,1092.255702,1011.665488,923.3758889,828.058842,726.4397672,619.2920472,507.4311407,391.7083769
Fz_035,135,1389.930055,1435.040059,1469.228542,1492.235308,1503.885262,1504.089742,1492.84719,1470.24317,1436.449712,1391.724004,1336.406436,1270.918008,1195.757127,1111.495812,1018.775342,918.3013773,810.8385844,697.2048203,578.2649065
Fz_036,136,936.8588153,971.1679715,998.0859531,1017.407898,1028.986754,1032.7344,1028.622313,1016.68179,997.0037041,969.7378182,935.0916419,893.3288535,844.7672932,789.7765437,728.7751179,662.2272733,590.6394793,514.5565623,434.5575591
Fz_037,137,1365.252505,1398.475383,1421.055019,1432.819568,1433.679495,1423.628255,1402.742345,1371.180719,1329.183579,1277.07055,1215.238242,1144.157238,1064.368507,976.4792882,881.1584726,779.131509,671.1748842,558.1102132,440.7979865
Fz_038,138,1398.950863,1437.491602,1465.092161,1481.542485,1486.717376,1480.57745,1463.169435,1434.625818,1395.163832,1345.083807,1284.766881,1214.672105,1135.332939,1047.353205,951.4024805,848.2110085,738.5641386,623.2963497,503.2848991
Fz_039,139,917.3839245,945.6178834,966.6551192,980.3355258,986.5549872,985.2661694,976.4788811,960.259999,936.7329584,906.0768144,868.5248788,824.3629444,773.9271102,717.6012234,655.813958,589.0355524,517.7742305,442.5723341,364.0021951
Fz_040,140,973.9810649,1015.131489,1048.55615,1074.000665,1091.271387,1100.236874,1100.828895,1093.042943,1076.938274,1052.637455,1020.325429,980.2481103,932.7105117,878.0744229,816.7556576,749.2208885,675.9840961,597.6026566,514.6731
Fz_041,141,971.9433899,1016.294682,1052.911358,1081.514743,1101.887147,1113.873525,1117.382653,1112.387824,1098.927052,1077.102782,1047.081109,1009.090517,963.4201362,910.4175468,850.4861301,784.0820005,711.7105333,633.9225193,551.3099721
Fz_042,142,981.7773845,1025.670649,1061.75794,1089.764612,1109.477518,1120.746629,1123.486182,1117.675327,1103.358288,1080.644026,1049.70541,1010.777903,964.1577648,910.1998043,849.3146736,781.9657455,708.6655859,629.9720532,546.4840529
Fz_043,143,495.0861447,516.4977048,533.9784054,547.3952079,556.6460024,561.6603847,562.4001923,558.8597949,551.066137,539.078533,522.9882159,502.9176427,479.0195626,451.4758543,420.4961422,386.3162005,349.1961593,309.4185245,267.2860278
Fz_044,207,773.4977528,754.9665782,730.689652,700.8517364,665.6799158,625.4418692,580.4438323,531.0282673,477.5712566,420.4796403,360.18792,297.1549521,231.8604556,164.8013611,96.4880287,27.44036413,-41.81613817,-110.7543944,-178.8497428
Fz_045,208,824.6204998,806.5583327,782.3577698,752.2029918,716.3234949,674.9923436,628.5240931,577.2723946,521.6273047,462.0123161,398.8811347,332.714227,264.0151632,193.3067846,121.1272246,48.0258133,-25.44110344,-98.71439802,-171.2364164
Fz_046,209,931.3377558,917.9423754,897.5608994,870.3484429,836.5121092,796.3094133,750.0463219,698.0749251,640.7907567,578.6297836,512.0650885,441.6032689,367.7805818,291.1588624,212.3212482,131.8677411,50.41064091,-31.43011472,-113.0316682
Fz_047,210,1094.832928,1088.27233,1073.429323,1050.41687,1019.41011,980.6450246,934.416638,881.0767766,821.0313889,754.7374565,682.6995164,605.4658208,523.6241647,437.7974125,348.6387576,256.8267513,163.0601383,68.05253925,-27.47298075
Fz_048,211,1282.686691,1282.094411,1271.744618,1251.716081,1222.161229,1183.304991,1135.443089,1078.939778,1014.225085,941.7915263,862.1903654,776.0274152,683.9584278,586.6841037,484.9447594,379.5146927,271.19629,160.8139198,49.2076585
Fz_049,212,1422.419974,1425.201862,1417.137103,1398.287075,1368.795238,1328.886043,1278.863223,1219.107481,1150.073595,1072.286955,986.3395637,892.8855327,792.6361037,686.3542353,574.8487967,458.9684117,339.5949999,217.6370652,94.02278091
Fz_050,214,879.0241794,845.4476339,805.4367214,759.2959491,707.3764762,650.0734411,587.8229546,521.0987806,450.4087301,376.2907973,299.3090642,220.0494085,139.1150439,57.12192981,-25.30591665,-107.5411698,-188.9579697,-268.9366854,-346.8686305
Fz_051,215,942.9100088,918.6905365,887.4792745,849.5137593,805.0829315,754.5249364,698.224551,636.6102551,570.1509708,499.3524934,424.7536419,346.9221588,266.4503886,183.95077,100.051175,15.39013012,-69.38804293,-153.6381311,-236.7189403
Fz_052,216,1061.942092,1051.151731,1032.36147,1005.714315,971.4130672,929.7187791,880.9487697,825.4742083,763.7172897,696.1480213,623.2806462,545.669729,463.9059357,378.6115381,290.4356781,200.0494272,108.1406794,15.40891573,-77.44011911
Fz_053,217,1216.184106,1218.011882,1210.569852,1193.914655,1168.173046,1133.540935,1090.281893,1038.725147,979.2630761,912.3482217,838.4898463,758.250057,672.2395268,581.112848,485.5635495,386.3188192,284.1339694,179.7866885,74.07112239
Fz_054,218,1355.947706,1366.379942,1366.4132,1356.04723,1335.360921,1304.511709,1263.734375,1213.33926,1153.7099,1085.300111,1008.630534,924.2846683,832.9044386,735.1853032,631.8709637,523.7477047,411.6384094,296.3962973,178.8984303
Fz_055,219,484.4100321,488.5524081,488.9766052,485.6793951,478.6858715,468.0492594,453.8505099,436.1976839,415.2251301,391.0924624,363.9833449,334.1040944,301.68211,266.9641426,230.2144168,191.7126203,151.751775,110.6360071,68.6782324
Fz_056,220,978.9347854,938.1564855,890.2382483,835.5447605,774.4922725,707.5454307,635.2137409,558.047691,476.6345612,391.5939546,303.5730816,213.2418341,121.2876875,28.4104683,-64.68297167,-157.2841352,-248.6882714,-338.1997398,-425.1373039
Fz_057,221,1014.942514,985.6284385,948.8131358,904.7767921,853.8545508,796.4339607,732.9520273,663.8918864,589.7791274,511.1777931,428.6860872,342.9318212,254.5676371,164.2660395,72.71427815,-19.39088275,-111.3484673,-202.4586228,-292.0279459
Fz_058,222,1093.570988,1081.858569,1061.912554,1033.884742,997.9884435,954.4968502,903.7409596,846.1070546,782.033764,712.0087242,636.5648681,556.276369,471.7542709,383.6418379,292.6096589,199.3505436,104.5742504,9.002083988,-86.63859373
Fz_059,223,1205.772169,1211.63081,1208.26821,1195.709959,1174.051633,1143.458066,1104.162092,1056.462777,1000.723143,937.3674022,866.8777291,789.7905929,706.6926735,618.2163961,525.0351187,427.858007,327.4246375,224.4993688,119.8655243
Fz_060,224,1338.142138,1358.643091,1368.803948,1368.547382,1357.875343,1336.869053,1305.688382,1264.570635,1213.828741,1153.848878,1085.087528,1008.068006,923.3764788,831.6574988,733.6091029,629.9774989,521.5513857,409.1559515,293.6465934
Fz_061,225,955.2373447,971.3957628,980.1612727,981.4671634,975.3034963,961.7171808,940.8116168,912.7459084,877.7336524,836.0413134,787.9861951,733.9340261,674.296176,609.5265249,540.1180088,466.5988686,389.5286293,309.4938418,227.1036194
Fz_062,227,1118.761896,1097.172388,1067.232735,1029.170797,983.2762471,929.8983717,869.4434081,802.3714552,729.1929711,650.4648881,566.7863746,478.7942745,387.1582609,292.5757392,195.7665394,97.46743811,-1.573449288,-100.6023618,-198.8656296
Fz_063,228,1172.223883,1167.096713,1153.087233,1130.302062,1098.91461,1059.163754,1011.352023,955.8432922,893.0600167,823.4800152,747.6328336,666.0957147,579.4892052,488.4724329,393.7380905,296.0071635,196.0234432,94.54786616,-7.647277241
Fz_064,229,1251.676553,1265.722905,1270.136343,1264.883275,1250.003682,1225.610806,1191.890292,1149.098774,1097.561919,1037.671956,969.8846828,894.7160013,812.7379909,724.5745535,630.8966664,532.4172746,429.8858659,324.0827662,215.8132009
Fz_065,230,1339.967363,1368.242445,1386.104376,1393.417216,1390.12531,1376.25371,1351.907989,1317.273432,1272.613628,1218.268467,1154.651547,1082.247031,1001.605962,913.3420664,818.1270865,716.6856654,609.7898338,498.2531332,382.9244255
Fz_066,231,937.0428988,963.393514,982.4121229,993.9539823,997.9312518,994.3136618,983.1287445,964.4616238,938.4543679,905.3049075,865.2655301,818.6409596,765.7860371,707.1030204,643.0385228,574.0801138,500.7526084,423.6140734,343.2515794
Fz_067,232,1234.849963,1235.534364,1226.815602,1208.760033,1181.505071,1145.258141,1100.295105,1046.958159,985.6532294,916.8468835,841.0627793,758.8776794,670.9170622,577.850361,480.3858696,379.2653518,275.2583956,169.1565567,61.7673344
Fz_068,233,1268.887169,1280.443274,1282.254433,1274.306861,1256.661045,1229.451279,1192.884646,1147.239442,1092.863052,1030.169314,959.6353664,881.7980138,797.2496459,706.6337268,610.6398984,509.9987316,405.4761666,297.867683,187.9922466
Fz_069,234,1328.624402,1357.095011,1375.237307,1382.913217,1380.064322,1366.712304,1342.95878,1308.98453,1265.048116,1211.483923,1148.699605,1077.17299,997.448438,910.132701,815.8903046,715.4384904,609.5417572,499.0060433,384.672592
Fz_070,235,1381.990111,1427.094021,1461.336884,1484.45809,1496.281674,1496.717652,1485.762704,1463.500204,1430.099585,1385.815044,1330.983614,1266.022595,1191.426379,1107.762689,1015.668257,915.8439756,809.0495686,696.0978059,577.8483186
Fz_071,236,937.272853,971.8416603,999.0141657,1018.58357,1030.400938,1034.376334,1030.4795,1018.740096,999.2474636,972.1499552,937.6537986,896.0215304,847.5699974,792.6679449,731.7332107,665.2295449,593.6630806,517.5784818,437.5547983
Fz_072,237,1358.04517,1391.067858,1413.503679,1425.181884,1426.013595,1415.992481,1395.194809,1363.778862,1321.983734,1270.127512,1208.604853,1137.883981,1058.503125,971.0664212,876.2393153,774.7434992,667.3514173,554.8803881,438.1863841
Fz_073,238,1610.142683,1654.262055,1685.791494,1704.491041,1710.218383,1702.92993,1682.681152,1649.626154,1604.016505,1546.199322,1476.614629,1395.792007,1304.346564,1202.974257,1092.446589,973.6047436,847.3531778,714.6527426,576.5133685
Fz_074,239,900.9899397,928.7615487,949.4647215,962.9418945,969.0904982,967.8637381,959.2709505,943.3775317,920.3044404,890.2272765,853.3749455,810.0279159,760.5160848,705.216267,644.5493276,578.9769787,508.9982653,435.1457678,357.9815483
Fz_075,240,958.1333429,999.0396775,1032.342717,1057.789005,1075.18488,1084.397949,1085.358095,1078.05801,1062.553253,1038.961824,1007.463268,968.2973084,921.7620216,868.2115692,808.0535026,741.7456608,669.7926868,592.7421859,511.1805591
Fz_076,241,962.8300333,1007.018285,1043.542519,1072.124764,1092.547493,1104.655276,1108.355965,1103.621395,1090.487601,1069.054537,1039.485323,1002.004998,956.8988101,904.5100442,845.2374108,779.5320103,707.8939005,630.8682907,549.0413922
Fz_077,242,959.8765259,1003.476548,1039.439507,1067.491704,1087.419644,1099.071665,1102.359086,1097.25689,1083.803905,1062.102519,1032.317891,994.6767005,949.4654198,897.028134,837.7639224,772.1238215,700.6073921,623.7589175,542.1632608
Fz_078,243,483.9774486,505.20345,522.5845481,535.9884622,545.3131805,550.4877362,551.4727478,548.2607189,540.8760948,529.3750771,513.8451953,494.4046414,471.2013696,444.4119709,414.2403287,380.9160675,344.692805,305.8462222,264.6719649
Fz_079,301,753.5328582,750.4890193,741.7335058,727.3329524,707.396956,682.0772417,651.5665078,616.0969592,575.9385409,531.3968824,482.8109728,430.5505802,375.0134377,316.6222165,255.821309,193.073447,128.8561794,63.65823842,-2.024180139
Fz_080,302,841.5551829,838.2401833,828.5456699,812.5454236,790.361216,762.1618823,728.1620365,688.6204379,643.838022,594.15561,539.951315,481.6376645,419.6584605,354.4854023,286.6144961,216.5622805,144.8618952,72.05902344,-1.292261029
Fz_081,303,989.1875026,985.3603364,974.0339831,955.294643,929.2849338,896.2028052,856.3000321,809.8802987,757.2968872,698.9499892,635.2836596,566.7824379,493.9676595,417.393489,337.642702,255.3222502,171.0586419,85.49317402,-0.722948523
Fz_082,304,1180.044136,1175.486816,1161.983332,1139.636453,1108.616252,1069.158813,1021.564429,966.1953231,903.4728874,833.8744774,757.9297792,676.2167777,589.3573582,498.0125733,402.8776121,304.676509,204.1566336,102.083003,-0.76754084
Fz_083,305,1377.390216,1372.038222,1356.244189,1330.128318,1293.889368,1247.803138,1192.220373,1127.564091,1054.326365,973.0645796,884.3971848,788.9989934,687.5960433,580.960072,469.9026439,355.2689729,237.9314905,118.7832058,-1.269090869
Fz_084,306,994.1052544,990.2191155,978.7968113,959.9252723,933.7481224,900.4645854,860.3279693,813.6437378,760.7671861,702.1007369,638.090877,569.2247604,496.0264995,419.0531775,338.8906078,256.148876,171.4576965,85.46162045,-1.184870158
Fz_085,307,772.0276913,784.4115871,790.8256371,791.2210265,785.5947461,773.9896153,756.4939562,733.2409213,704.4074803,670.213073,630.9179396,586.8211396,538.2582765,485.5989428,429.243908,369.6220679,307.1871807,242.4144135,175.7967262
Fz_086,308,820.9221654,832.4597211,837.6617556,836.4886784,828.9494173,815.1013506,795.0498704,768.9475806,736.9931355,699.4297276,656.5432371,608.6600562,556.1446047,499.396557,438.8477999,374.9591461,308.2168268,239.1287913,168.2208413
Fz_087,309,927.9069091,934.0828995,933.1499551,925.115176,910.0397119,888.038296,859.2783725,823.9788218,782.4082946,734.883168,681.7651366,623.458461,560.4068899,493.0902841,422.0209635,347.7398085,270.8121436,191.8234348,111.3748338
Fz_088,310,1093.235985,1091.386974,1081.23185,1062.847898,1036.375031,1002.014725,960.0284824,910.7358428,854.5119536,791.7847125,723.0315116,648.7756043,569.5821229,486.0537777,398.8262697,308.563453,215.9522821,121.6975839,26.51669361
Fz_089,311,1283.068632,1273.770038,1254.777285,1226.23492,1188.360166,1141.441274,1085.835325,1021.965513,950.3179261,871.4378463,785.9255983,694.431982,597.653319,496.3261533,391.221646,283.1397056,172.9029012,61.35020128,-50.66941072
Fz_090,312,1424.939359,1411.088521,1386.498446,1351.356282,1305.92948,1250.563766,1185.680507,1111.773503,1029.405231,939.2025646,841.8519991,738.0944316,628.7195198,514.5596728,396.483716,275.3902787,152.2009552,27.85329041,-96.7063547
Fz_091,313,1176.413916,1215.714059,1245.761884,1266.328708,1277.258006,1278.4666,1269.945291,1251.758931,1224.04593,1187.017201,1140.954553,1086.208553,1023.19585,952.3960085,874.3478583,789.645393,698.9332494,602.9018018,502.2819075
Fz_092,314,874.8725141,901.5531029,921.3723282,934.1793538,939.8767104,938.4210377,929.8234143,914.1492732,891.5179043,862.1015457,826.1240738,783.859299,735.6288815,681.7998841,622.7819778,559.0243247,491.0121589,419.2630941,344.323184
Fz_093,315,937.2622576,954.1519139,963.779898,966.0729352,961.0135739,948.6403191,929.0473387,902.383747,868.8524702,828.7087014,782.257959,729.8537612,671.8949356,608.8225839,541.1167246,469.2926404,393.8969557,315.5034774,234.7088272
Fz_094,316,1057.601542,1060.290567,1054.91014,1041.50121,1020.165827,991.0663663,954.424292,910.5184725,859.6830577,802.3049357,738.8207887,669.7137693,595.5098239,516.773689,434.1045944,348.1317017,259.5093165,168.9119088,77.02897938
Fz_095,317,1214.861824,1203.824491,1183.625326,1154.418059,1116.424973,1069.935218,1015.302611,952.9429376,883.3307931,806.995968,724.5194162,636.5288343,543.6938835,446.721094,346.3484872,243.3399594,138.4794675,32.5650632,-73.59718087
Fz_096,318,1357.790725,1337.022108,1306.077946,1265.193741,1214.680649,1154.923103,1086.375895,1009.560711,925.0621596,833.5233269,735.6408785,632.1597587,523.8675215,411.5883361,296.176715,178.5110102,59.48672884,-59.99028244,-179.0107314
Fz_097,319,484.2750865,476.4617259,465.022204,450.0435823,431.6398571,409.9510921,385.1423517,357.4024454,326.9424907,293.9943063,258.8086476,221.6532989,182.8110347,142.5774682,101.2588011,59.16949332,16.62986999,-26.0363167,-68.50435129
Fz_098,320,978.4623993,1011.567084,1036.973132,1054.487189,1063.975962,1065.367235,1058.65042,1043.876636,1021.15832,990.6683734,952.6388421,907.359154,855.1739148,796.4802858,731.7249608,661.4007671,586.0429142,506.2249208,422.5542502
Fz_099,321,1012.956441,1034.260882,1047.693974,1053.153483,1050.597857,1040.046547,1021.579856,995.3383241,961.521667,920.3872494,872.2481291,817.4706739,756.4717732,689.7156656,617.7104053,541.0039958,460.1802193,375.8541934,288.6676902
Fz_100,322,1090.197358,1093.485183,1088.450925,1075.132899,1053.632462,1024.113246,986.7999096,941.9764302,889.9839413,831.2181373,766.1262613,695.2037019,618.9902226,538.0658539,453.0464791,364.5791471,273.3371477,180.0148875,85.32260527
Fz_101,323,1203.151657,1188.22049,1164.246248,1131.411389,1089.965805,1040.224924,982.5673037,917.4317524,845.3139915,766.7628808,682.3762415,592.796307,498.7048347,400.8179175,299.8805338,196.6608783,91.9445147,-13.47160216,-118.785192
Fz_102,324,1337.888801,1307.401762,1266.964606,1216.885084,1157.544332,1089.393968,1012.952659,928.8021681,837.582932,739.9891841,636.7636717,528.6920032,416.5966694,301.3307833,183.7715881,64.81378005,-54.63729996,-173.6725571,-291.3860613
Fz_103,325,956.9919661,933.6141302,903.130927,865.7743521,821.8287117,771.6284585,715.5556469,654.0370247,587.5407858,516.5730068,441.6737952,363.4131794,282.3867699,199.2112266,114.5195655,28.95634139,-56.82725796,-142.1783676,-226.447414
Fz_104,326,1504.321431,1530.511442,1545.053338,1547.836444,1538.83958,1518.131218,1485.868961,1442.298344,1387.750965,1322.641964,1247.466859,1162.797778,1069.279103,967.6225691,858.6018429,743.0466384,621.8364002,495.8936115,366.1767731
Fz_105,327,1126.087643,1138.641416,1142.52944,1137.722125,1124.256057,1102.233722,1071.822723,1033.254506,986.8225983,932.8803746,871.838368,804.161145,730.3637701,651.0078859,566.6974386,478.0740816,385.8122922,290.6142382,193.2044345
Fz_106,328,1177.408138,1173.201918,1160.066924,1138.103119,1107.477663,1068.423633,1021.238253,966.2806345,903.9690365,834.7776884,759.2331779,677.9104446,591.4284034,500.445235,405.6533761,307.7742502,207.5527763,105.7517005,3.145790372
Fz_107,329,1253.723288,1230.075186,1197.065468,1154.94536,1104.035421,1044.723105,977.4598155,902.7574666,821.1845883,733.3619995,639.958083,541.6836991,439.2867751,333.5466136,225.2679609,115.274883,4.404493656,-106.4994165,-216.5928019
Fz_108,330,1340.652257,1302.392172,1254.220097,1196.502649,1129.679094,1054.257998,970.8133628,879.9802515,782.4499592,678.9647503,570.3122096,457.3192486,340.845812,221.778333,101.0229869,-20.50120503,-141.8693705,-262.1578243,-380.4510988
Fz_109,331,937.7638388,904.4798393,864.3122021,817.5666272,764.5988765,705.8120667,641.6536009,572.6117638,499.2120054,422.0129422,341.6021057,258.5914709,173.6127988,87.31282856,0.348354948,-86.61876986,-172.9266735,-257.9185008,-340.9474125
Fz_110,332,1252.582347,1241.883366,1221.732903,1192.284314,1153.761722,1106.458307,1050.734076,987.0131238,915.7804061,837.5780465,753.0012122,662.693584,567.3424574,467.6735122,364.4452892,258.4434175,150.4746353,41.36065034,-68.0681142
Fz_111,333,1288.909576,1266.873819,1235.196388,1194.118366,1143.952383,1085.080231,1017.949964,943.0724824,861.01765,772.4099533,677.9237506,578.2781388,474.2314811,366.5756355,256.1299281,143.7349171,30.24599674,-83.47311397,-196.5569439
Fz_112,334,1343.513121,1304.49406,1255.547011,1197.044492,1129.431741,1053.223333,968.9992589,877.4005155,779.1242245,674.9183277,565.5758948,451.9290879,334.8428278,215.2082116,93.9357309,-28.0516574,-149.8255557,-270.459191,-389.0344685
Fz_113,335,1384.831501,1329.241791,1263.535749,1188.213437,1103.848103,1011.081818,910.6205904,803.2289902,689.7243324,570.970456,447.8711496,321.3632733,192.4096285,61.9916302,-68.89816181,-199.2635972,-328.1125163,-454.4643011,-577.3573381
Fz_114,336,940.2025984,898.6626434,850.2833231,795.4328332,734.5286192,668.0341989,596.455635,520.3376835,440.2596481,356.8309709,270.6865945,182.4821298,92.88886582,2.588661509,-87.73124408,-177.3834619,-265.6856845,-351.9658786,-435.5673999
Fz_115,337,1384.524121,1340.524625,1286.322927,1222.331535,1149.037461,1066.998519,976.8390735,879.2452931,774.959925,664.776644,549.5340113,430.109093,307.4107847,182.3728948,55.94703705,-70.90461146,-197.2166331,-322.027717,-444.3879756
Fz_116,338,1408.196722,1359.023682,1299.507651,1230.101582,1151.333698,1063.803468,968.1770523,865.1822244,755.6028373,640.2728564,520.0700124,395.9091217,268.7351234,139.5158886,9.234853624,-121.1164642,-250.5460125,-378.0687544,-502.7141648
Fz_117,339,918.3652169,883.2716144,841.4557816,793.2359622,738.9791381,679.0982367,614.0489876,544.3264549,470.4612692,393.0155892,312.5788233,229.7631437,145.1988279,59.52946139,-26.59296031,-112.5129935,-197.5767349,-281.136798,-362.5572404
Fz_118,340,974.563429,926.1065834,870.6015075,808.4706284,740.1867997,666.2697025,587.2818906,503.8245088,416.5327184,326.0708624,233.1274103,138.4097178,42.63864381,-53.45693601,-149.1456763,-243.6993279,-336.3982805,-426.537039,-513.4295931
Fz_119,341,988.9372657,936.9347743,877.8016436,811.9879123,739.9944627,662.3692084,579.7029245,492.6247513,401.7974063,307.9121405,211.6834773,113.843775,15.1376529,-83.68367591,-181.8681214,-278.6684407,-373.3479249,-465.1860059,-553.4837406
Fz_120,342,989.4755958,938.0955799,879.5760901,814.3624952,742.9511099,665.8854181,583.7519362,497.1757496,406.8157554,313.3596476,217.5186836,120.0222712,21.61241676,-76.96192119,-174.9505325,-271.6076645,-366.1976983,-458.0007464,-546.3181323
Fz_121,343,487.6553537,462.8643274,434.5506241,402.9297281,368.2422936,330.7523129,290.7451074,248.5251561,204.4137782,158.7466881,111.8714398,64.14478235,15.92994435,-32.40613015,-80.49557443,-127.9723988,-174.4752759,-219.6502908,-263.1536344
Fz_122,407,771.5099928,783.9056989,790.3354093,790.75019,785.1468843,773.5681367,756.1020685,732.881607,704.0834739,669.9268405,630.6716593,586.616686,538.0972055,485.4824803,429.1729403,369.5971351,307.2084726,242.481768,175.9096308
Fz_123,408,823.3543531,834.7806542,839.8537704,838.5350924,830.8346559,816.8110661,796.5710509,770.2686489,738.1040375,700.3220086,657.2101064,609.0964385,556.3471789,499.3637813,438.5799238,374.4582083,307.4866397,238.1749121,167.0505296
Fz_124,409,932.9207549,938.8925276,937.7187612,929.4083888,914.0246574,891.6846464,862.5583769,826.8675173,784.8836966,736.9264371,683.3607224,624.5942199,561.0741784,493.2840235,421.7396794,346.9856416,269.5908336,190.1442766,109.2506069
Fz_125,410,1096.696737,1094.717912,1084.407623,1065.844337,1039.169332,1004.585621,962.3564073,912.8030799,856.3027699,793.2854787,724.2308061,649.6642997,570.1534557,486.3033996,398.7522811,308.1664169,215.2352202,120.6659535,25.17834605
Fz_126,411,1282.436956,1273.191653,1254.256594,1225.775884,1187.96628,1141.115535,1085.580212,1021.782968,950.2093386,871.4040424,785.9668353,694.5479459,597.8431273,496.5883616,391.5542585,283.5401911,173.3682117,61.87679546,-50.08554054
Fz_127,412,1420.095553,1406.513352,1382.226736,1347.420539,1302.359659,1247.387035,1182.921042,1109.452306,1027.539968,937.8074308,840.9376126,737.6677513,628.783793,515.1144104,397.5246961,276.9095788,154.1870124,30.2909898,-93.83556556
Fz_128,414,876.2019691,902.8233222,922.5736446,935.3026246,940.9133868,939.36323,930.6639518,914.881759,892.1367635,862.6020687,826.5024512,784.112651,735.7552801,681.7983673,622.6525571,558.7679851,490.6308513,418.7597205,343.7015753
Fz_129,415,940.4110499,957.1367927,966.5781466,968.6632571,963.3762553,950.7573786,930.9026641,903.9632182,870.1440664,829.7025929,782.9465816,730.2318741,671.9596611,608.5734294,540.5555864,468.4237889,392.7270036,314.0413287,232.9656096
Fz_130,416,1059.908207,1062.421645,1056.849412,1043.233918,1021.678783,992.3480563,955.4649614,911.3102012,860.2198201,802.5826468,738.8373349,669.4690248,595.0056511,516.0139252,433.0950217,346.8800036,258.0250193,167.2063087,75.11505715
Fz_131,417,1213.010436,1201.876982,1181.596519,1152.323393,1114.280389,1067.75704,1013.107414,950.7474298,881.1516832,804.8498402,722.422604,634.4972955,541.7430795,444.8658715,344.6029657,241.7174232,136.9922651,31.22451325,-74.78087605
Fz_132,418,1350.659256,1329.959301,1299.137551,1258.428581,1208.14221,1148.661146,1080.438078,1003.992224,919.9053821,828.8175052,731.4218267,628.4595864,520.7143892,409.0062411,294.1853085,177.125448,58.71755602,-60.13721207,-178.5342997
Fz_133,419,481.2122654,473.4704132,462.1251652,447.2628657,428.9966257,407.4654623,382.8332408,355.2874271,325.0376615,292.3141631,257.3659775,220.4590813,181.8743584,141.9054618,100.856579,59.04011666,16.77432343,-25.61913254,-67.81761144
Fz_134,420,978.8129836,1011.90027,1037.286384,1054.778122,1064.242362,1065.607075,1058.861875,1044.058096,1021.308405,990.7859402,952.7229962,907.4092549,855.1895813,796.4613986,731.6716638,661.3134658,585.922273,506.0718579,422.3699304
Fz_135,421,1014.178966,1035.422119,1048.785085,1054.166163,1051.5244,1040.879902,1022.313679,995.9670317,962.0404739,920.7922071,872.5361556,817.6395772,756.5202679,689.6433825,617.5178946,540.6927226,459.7525525,375.3133879,288.0178618
Fz_136,422,1091.224758,1094.408545,1089.263222,1075.827948,1054.204974,1024.558863,987.1152408,942.1590756,890.0325109,831.1322614,765.9065936,694.8519141,618.508992,537.4588429,452.3183076,363.7353568,272.3841604,178.959956,84.17375824
Fz_137,423,1201.118044,1186.086795,1162.028709,1129.126883,1087.631719,1037.859022,980.1875904,915.0563396,842.9609575,764.4501336,680.1213825,590.616497,496.6166634,398.8372771,298.0224983,194.9395883,90.3730704,-14.88124118,-120.0222975
Fz_138,424,1330.412998,1299.900208,1259.494393,1209.503065,1150.306688,1082.355783,1006.167496,922.3216679,831.4564145,734.2632758,631.4819503,523.8946657,412.3202265,297.6077813,180.6303613,62.27823507,-56.54786609,-174.9436038,-292.0079151
Fz_139,425,949.2359498,925.9266564,895.5705022,858.3985156,814.693598,764.7883702,709.0626411,647.9405172,581.8871747,511.4053195,437.0313609,359.3313299,278.8965704,196.3392397,112.2876487,27.38148099,-57.73307635,-142.4082501,-225.9996111
Fz_140,427,1125.853795,1138.416853,1142.315871,1137.521175,1124.069257,1102.062492,1071.668367,1033.118198,986.7053764,932.7831307,871.7618422,804.1059197,730.3302656,650.9963572,566.7079734,478.1065998,385.8665462,290.6898153,193.3007593
Fz_141,428,1177.052669,1172.860108,1159.741373,1137.796307,1107.191923,1068.161141,1021.001007,966.0704391,903.7874918,834.6261759,759.1128509,677.8222188,591.3729502,500.4229764,405.6644817,307.8186352,207.6301031,105.8613805,3.286988919
Fz_142,429,1251.75935,1228.118171,1195.130272,1153.04671,1102.187766,1042.940508,975.7558426,901.1450862,819.6760715,731.968827,638.6908578,540.5520655,438.2993456,332.710903,224.5903295,114.760488,4.057249929,-106.6768663,-216.5991071
Fz_143,430,1334.588387,1296.361555,1248.268629,1190.675625,1124.02086,1048.811618,965.6202862,875.0800009,777.8798285,674.7595209,566.5038859,453.9368142,337.9150094,219.3214672,99.05875626,-21.95785163,-142.807347,-262.5699923,-380.3343213
Fz_144,431,930.3040426,897.0584654,856.9857316,810.3908189,757.6283428,699.0998575,635.2508002,566.5671007,493.5714834,416.8194892,336.8952469,254.4070284,169.9826188,84.26453884,-2.09484515,-88.43828611,-174.1086583,-258.4539585,-340.832268
Fz_145,432,1251.798085,1241.11855,1220.993354,1191.575661,1153.089357,1105.827348,1050.149324,986.4790307,915.3010357,837.1570473,752.6417882,662.3984707,567.1139008,467.5132517,364.3545445,258.4228791,150.5244597,41.48045819,-67.87923464
Fz_146,433,1287.269319,1265.315752,1233.732368,1192.759536,1142.709084,1083.961925,1016.965162,942.22868,860.3212687,771.866293,677.5369488,578.0511393,474.1660115,366.6721942,256.38778,144.1521,30.81933548,-82.74798278,-195.6855389
Fz_147,434,1340.953876,1302.061424,1253.259498,1194.91951,1127.485464,1051.470573,967.453355,876.0732334,778.0256654,674.0568523,564.9580596,451.5595949,334.7244891,215.3419277,94.3204843,-27.41879496,-148.9494006,-269.3464115,-387.6935334
Fz_148,435,1380.014035,1324.567721,1259.040648,1183.931514,1099.811947,1007.322147,907.1660174,800.1058064,686.9563071,568.5786555,445.8737771,319.7755299,191.2435979,61.25618668,-69.19742115,-199.1243948,-327.5359116,-453.4546823,-575.9223891
Fz_149,436,934.8432851,893.3827234,845.1229798,790.4313399,729.7240403,663.4631002,592.1528052,516.3358698,436.5893067,353.5200354,267.7602631,179.9626735,90.79545933,0.937236884,-88.9281185,-178.1166772,-265.9496605,-351.7586062,-434.8904565
Fz_150,437,1383.884481,1339.899132,1285.716343,1221.748475,1148.482364,1066.475609,976.3523305,878.7984212,774.5563252,664.4193879,549.2258178,429.8523077,307.2073619,182.2243826,55.85456576,-70.94033807,-197.1953431,-321.9495725,-444.2535712
Fz_151,438,1405.702743,1356.639981,1297.252368,1227.991883,1149.385637,1062.031873,966.5954045,863.8025617,754.4356598,639.327047,519.3527693,395.4259034,268.4896077,139.5099439,9.468525263,-120.6449546,-249.8402535,-377.1341173,-501.5577626
Fz_152,439,916.139799,881.1877361,839.5293025,791.4815439,737.4101329,677.7265855,612.8851296,543.3792477,469.7379217,392.5216065,312.3179648,229.7373948,145.4083846,59.97272872,-25.91935582,-111.6141784,-196.4595497,-279.8097452,-361.0304196
Fz_153,440,971.2246417,922.9612969,867.6736594,805.7825014,737.758852,664.1204123,585.4276153,502.2793606,415.3084567,325.1768046,232.5703608,138.193916,42.76573213,-52.9879248,-148.3383116,-242.5597543,-334.9351709,-424.7615285,-511.3551944
Fz_154,441,988.0699732,936.0978839,877.0015245,811.2306539,739.2858283,661.714591,579.1073062,492.0926651,401.3329017,307.5187525,211.3642,113.6010383,14.97330411,-83.76838598,-181.8725481,-278.5925502,-373.1922949,-464.9518209,-553.1727827
Fz_155,442,986.9836095,935.7435621,877.3819412,812.3429139,741.1214666,664.2596374,582.3423913,495.993168,405.8691371,312.6561971,217.0637546,119.8193258,21.66299969,-76.65819497,-174.3959745,-270.8064953,-365.1560152,-456.7264773,-544.8209752
Fz_156,443,494.8285705,469.7977978,441.1915802,409.2276283,374.149207,336.2232843,295.7384994,253.002966,208.3419272,162.0952806,114.614991,66.26241209,17.40553623,-31.58380627,-80.33277693,-128.4703666,-175.6302193,-221.4534199,-265.5912263
Fy_001,102,1.03946E-13,147.8927025,294.6598523,439.1844627,580.3666141,717.1318252,848.43923,973.2895,1090.732449,1199.874266,1299.884315,1390.001459,1469.539853,1537.894162,1594.544167,1639.058729,1671.099063,1690.421325,1696.87846
Fy_002,103,1.03946E-13,147.8927025,294.6598523,439.1844627,580.3666141,717.1318252,848.43923,973.2895,1090.732449,1199.874266,1299.884315,1390.001459,1469.539853,1537.894162,1594.544167,1639.058729,1671.099063,1690.421325,1696.87846
Fy_003,104,1.03946E-13,147.8927025,294.6598523,439.1844627,580.3666141,717.1318252,848.43923,973.2895,1090.732449,1199.874266,1299.884315,1390.001459,1469.539853,1537.894162,1594.544167,1639.058729,1671.099063,1690.421325,1696.87846
Fy_004,105,1.03946E-13,147.8927025,294.6598523,439.1844627,580.3666141,717.1318252,848.43923,973.2895,1090.732449,1199.874266,1299.884315,1390.001459,1469.539853,1537.894162,1594.544167,1639.058729,1671.099063,1690.421325,1696.87846
Fy_005,108,1.03946E-13,147.8927025,294.6598523,439.1844627,580.3666141,717.1318252,848.43923,973.2895,1090.732449,1199.874266,1299.884315,1390.001459,1469.539853,1537.894162,1594.544167,1639.058729,1671.099063,1690.421325,1696.87846
Fy_006,109,1.03946E-13,147.8927025,294.6598523,439.1844627,580.3666141,717.1318252,848.43923,973.2895,1090.732449,1199.874266,1299.884315,1390.001459,1469.539853,1537.894162,1594.544167,1639.058729,1671.099063,1690.421325,1696.87846
Fy_007,110,1.03946E-13,147.8927025,294.6598523,439.1844627,580.3666141,717.1318252,848.43923,973.2895,1090.732449,1199.874266,1299.884315,1390.001459,1469.539853,1537.894162,1594.544167,1639.058729,1671.099063,1690.421325,1696.87846
Fy_008,111,1.03946E-13,147.8927025,294.6598523,439.1844627,580.3666141,717.1318252,848.43923,973.2895,1090.732449,1199.874266,1299.884315,1390.001459,1469.539853,1537.894162,1594.544167,1639.058729,1671.099063,1690.421325,1696.87846
Fy_009,113,1.03946E-13,147.8927025,294.6598523,439.1844627,580.3666141,717.1318252,848.43923,973.2895,1090.732449,1199.874266,1299.884315,1390.001459,1469.539853,1537.894162,1594.544167,1639.058729,1671.099063,1690.421325,1696.87846
Fy_010,114,1.03946E-13,147.8927025,294.6598523,439.1844627,580.3666141,717.1318252,848.43923,973.2895,1090.732449,1199.874266,1299.884315,1390.001459,1469.539853,1537.894162,1594.544167,1639.058729,1671.099063,1690.421325,1696.87846
Fy_011,115,1.03946E-13,147.8927025,294.6598523,439.1844627,580.3666141,717.1318252,848.43923,973.2895,1090.732449,1199.874266,1299.884315,1390.001459,1469.539853,1537.894162,1594.544167,1639.058729,1671.099063,1690.421325,1696.87846
Fy_012,116,1.03946E-13,147.8927025,294.6598523,439.1844627,580.3666141,717.1318252,848.43923,973.2895,1090.732449,1199.874266,1299.884315,1390.001459,1469.539853,1537.894162,1594.544167,1639.058729,1671.099063,1690.421325,1696.87846
Fy_013,117,1.03946E-13,147.8927025,294.6598523,439.1844627,580.3666141,717.1318252,848.43923,973.2895,1090.732449,1199.874266,1299.884315,1390.001459,1469.539853,1537.894162,1594.544167,1639.058729,1671.099063,1690.421325,1696.87846
Fy_014,118,1.03946E-13,147.8927025,294.6598523,439.1844627,580.3666141,717.1318252,848.43923,973.2895,1090.732449,1199.874266,1299.884315,1390.001459,1469.539853,1537.894162,1594.544167,1639.058729,1671.099063,1690.421325,1696.87846
Fy_015,120,1.03946E-13,147.8927025,294.6598523,439.1844627,580.3666141,717.1318252,848.43923,973.2895,1090.732449,1199.874266,1299.884315,1390.001459,1469.539853,1537.894162,1594.544167,1639.058729,1671.099063,1690.421325,1696.87846
Fy_016,121,1.03946E-13,147.8927025,294.6598523,439.1844627,580.3666141,717.1318252,848.43923,973.2895,1090.732449,1199.874266,1299.884315,1390.001459,1469.539853,1537.894162,1594.544167,1639.058729,1671.099063,1690.421325,1696.87846
Fy_017,122,1.03946E-13,147.8927025,294.6598523,439.1844627,580.3666141,717.1318252,848.43923,973.2895,1090.732449,1199.874266,1299.884315,1390.001459,1469.539853,1537.894162,1594.544167,1639.058729,1671.099063,1690.421325,1696.87846
Fy_018,123,1.03946E-13,147.8927025,294.6598523,439.1844627,580.3666141,717.1318252,848.43923,973.2895,1090.732449,1199.874266,1299.884315,1390.001459,1469.539853,1537.894162,1594.544167,1639.058729,1671.099063,1690.421325,1696.87846
Fy_019,124,1.03946E-13,147.8927025,294.6598523,439.1844627,580.3666141,717.1318252,848.43923,973.2895,1090.732449,1199.874266,1299.884315,1390.001459,1469.539853,1537.894162,1594.544167,1639.058729,1671.099063,1690.421325,1696.87846
Fy_020,126,1.03946E-13,147.8927025,294.6598523,439.1844627,580.3666141,717.1318252,848.43923,973.2895,1090.732449,1199.874266,1299.884315,1390.001459,1469.539853,1537.894162,1594.544167,1639.058729,1671.099063,1690.421325,1696.87846
Fy_021,127,1.03946E-13,147.8927025,294.6598523,439.1844627,580.3666141,717.1318252,848.43923,973.2895,1090.732449,1199.874266,1299.884315,1390.001459,1469.539853,1537.894162,1594.544167,1639.058729,1671.099063,1690.421325,1696.87846
Fy_022,129,1.03946E-13,147.8927025,294.6598523,439.1844627,580.3666141,717.1318252,848.43923,973.2895,1090.732449,1199.874266,1299.884315,1390.001459,1469.539853,1537.894162,1594.544167,1639.058729,1671.099063,1690.421325,1696.87846
Fy_023,130,1.03946E-13,147.8927025,294.6598523,439.1844627,580.3666141,717.1318252,848.43923,973.2895,1090.732449,1199.874266,1299.884315,1390.001459,1469.539853,1537.894162,1594.544167,1639.058729,1671.099063,1690.421325,1696.87846
Fy_024,132,1.03946E-13,147.8927025,294.6598523,439.1844627,580.3666141,717.1318252,848.43923,973.2895,1090.732449,1199.874266,1299.884315,1390.001459,1469.539853,1537.894162,1594.544167,1639.058729,1671.099063,1690.421325,1696.87846
Fy_025,133,1.03946E-13,147.8927025,294.6598523,439.1844627,580.3666141,717.1318252,848.43923,973.2895,1090.732449,1199.874266,1299.884315,1390.001459,1469.539853,1537.894162,1594.544167,1639.058729,1671.099063,1690.421325,1696.87846
Fy_026,134,1.03946E-13,147.8927025,294.6598523,439.1844627,580.3666141,717.1318252,848.43923,973.2895,1090.732449,1199.874266,1299.884315,1390.001459,1469.539853,1537.894162,1594.544167,1639.058729,1671.099063,1690.421325,1696.87846
Fy_027,137,1.03946E-13,147.8927025,294.6598523,439.1844627,580.3666141,717.1318252,848.43923,973.2895,1090.732449,1199.874266,1299.884315,1390.001459,1469.539853,1537.894162,1594.544167,1639.058729,1671.099063,1690.421325,1696.87846
Fy_028,138,1.03946E-13,147.8927025,294.6598523,439.1844627,580.3666141,717.1318252,848.43923,973.2895,1090.732449,1199.874266,1299.884315,1390.001459,1469.539853,1537.894162,1594.544167,1639.058729,1671.099063,1690.421325,1696.87846
Fy_029,208,1.03946E-13,147.8927025,294.6598523,439.1844627,580.3666141,717.1318252,848.43923,973.2895,1090.732449,1199.874266,1299.884315,1390.001459,1469.539853,1537.894162,1594.544167,1639.058729,1671.099063,1690.421325,1696.87846
Fy_030,209,1.03946E-13,147.8927025,294.6598523,439.1844627,580.3666141,717.1318252,848.43923,973.2895,1090.732449,1199.874266,1299.884315,1390.001459,1469.539853,1537.894162,1594.544167,1639.058729,1671.099063,1690.421325,1696.87846
Fy_031,210,1.03946E-13,147.8927025,294.6598523,439.1844627,580.3666141,717.1318252,848.43923,973.2895,1090.732449,1199.874266,1299.884315,1390.001459,1469.539853,1537.894162,1594.544167,1639.058729,1671.099063,1690.421325,1696.87846
Fy_032,211,1.03946E-13,147.8927025,294.6598523,439.1844627,580.3666141,717.1318252,848.43923,973.2895,1090.732449,1199.874266,1299.884315,1390.001459,1469.539853,1537.894162,1594.544167,1639.058729,1671.099063,1690.421325,1696.87846
Fy_033,214,1.03946E-13,147.8927025,294.6598523,439.1844627,580.3666141,717.1318252,848.43923,973.2895,1090.732449,1199.874266,1299.884315,1390.001459,1469.539853,1537.894162,1594.544167,1639.058729,1671.099063,1690.421325,1696.87846
Fy_034,215,1.03946E-13,147.8927025,294.6598523,439.1844627,580.3666141,717.1318252,848.43923,973.2895,1090.732449,1199.874266,1299.884315,1390.001459,1469.539853,1537.894162,1594.544167,1639.058729,1671.099063,1690.421325,1696.87846
Fy_035,216,1.03946E-13,147.8927025,294.6598523,439.1844627,580.3666141,717.1318252,848.43923,973.2895,1090.732449,1199.874266,1299.884315,1390.001459,1469.539853,1537.894162,1594.544167,1639.058729,1671.099063,1690.421325,1696.87846
Fy_036,217,1.03946E-13,147.8927025,294.6598523,439.1844627,580.3666141,717.1318252,848.43923,973.2895,1090.732449,1199.874266,1299.884315,1390.001459,1469.539853,1537.894162,1594.544167,1639.058729,1671.099063,1690.421325,1696.87846
Fy_037,218,1.03946E-13,147.8927025,294.6598523,439.1844627,580.3666141,717.1318252,848.43923,973.2895,1090.732449,1199.874266,1299.884315,1390.001459,1469.539853,1537.894162,1594.544167,1639.058729,1671.099063,1690.421325,1696.87846
Fy_038,220,1.03946E-13,147.8927025,294.6598523,439.1844627,580.3666141,717.1318252,848.43923,973.2895,1090.732449,1199.874266,1299.884315,1390.001459,1469.539853,1537.894162,1594.544167,1639.058729,1671.099063,1690.421325,1696.87846
Fy_039,221,1.03946E-13,147.8927025,294.6598523,439.1844627,580.3666141,717.1318252,848.43923,973.2895,1090.732449,1199.874266,1299.884315,1390.001459,1469.539853,1537.894162,1594.544167,1639.058729,1671.099063,1690.421325,1696.87846
Fy_040,222,1.03946E-13,147.8927025,294.6598523,439.1844627,580.3666141,717.1318252,848.43923,973.2895,1090.732449,1199.874266,1299.884315,1390.001459,1469.539853,1537.894162,1594.544167,1639.058729,1671.099063,1690.421325,1696.87846
Fy_041,223,1.03946E-13,147.8927025,294.6598523,439.1844627,580.3666141,717.1318252,848.43923,973.2895,1090.732449,1199.874266,1299.884315,1390.001459,1469.539853,1537.894162,1594.544167,1639.058729,1671.099063,1690.421325,1696.87846
Fy_042,224,1.03946E-13,147.8927025,294.6598523,439.1844627,580.3666141,717.1318252,848.43923,973.2895,1090.732449,1199.874266,1299.884315,1390.001459,1469.539853,1537.894162,1594.544167,1639.058729,1671.099063,1690.421325,1696.87846
Fy_043,227,1.03946E-13,147.8927025,294.6598523,439.1844627,580.3666141,717.1318252,848.43923,973.2895,1090.732449,1199.874266,1299.884315,1390.001459,1469.539853,1537.894162,1594.544167,1639.058729,1671.099063,1690.421325,1696.87846
Fy_044,229,1.03946E-13,147.8927025,294.6598523,439.1844627,580.3666141,717.1318252,848.43923,973.2895,1090.732449,1199.874266,1299.884315,1390.001459,1469.539853,1537.894162,1594.544167,1639.058729,1671.099063,1690.421325,1696.87846
Fy_045,230,1.03946E-13,147.8927025,294.6598523,439.1844627,580.3666141,717.1318252,848.43923,973.2895,1090.732449,1199.874266,1299.884315,1390.001459,1469.539853,1537.894162,1594.544167,1639.058729,1671.099063,1690.421325,1696.87846
Fy_046,232,1.03946E-13,147.8927025,294.6598523,439.1844627,580.3666141,717.1318252,848.43923,973.2895,1090.732449,1199.874266,1299.884315,1390.001459,1469.539853,1537.894162,1594.544167,1639.058729,1671.099063,1690.421325,1696.87846
Fy_047,233,1.03946E-13,147.8927025,294.6598523,439.1844627,580.3666141,717.1318252,848.43923,973.2895,1090.732449,1199.874266,1299.884315,1390.001459,1469.539853,1537.894162,1594.544167,1639.058729,1671.099063,1690.421325,1696.87846
Fy_048,234,1.03946E-13,147.8927025,294.6598523,439.1844627,580.3666141,717.1318252,848.43923,973.2895,1090.732449,1199.874266,1299.884315,1390.001459,1469.539853,1537.894162,1594.544167,1639.058729,1671.099063,1690.421325,1696.87846
Fy_049,237,1.03946E-13,147.8927025,294.6598523,439.1844627,580.3666141,717.1318252,848.43923,973.2895,1090.732449,1199.874266,1299.884315,1390.001459,1469.539853,1537.894162,1594.544167,1639.058729,1671.099063,1690.421325,1696.87846
Fy_050,238,1.03946E-13,147.8927025,294.6598523,439.1844627,580.3666141,717.1318252,848.43923,973.2895,1090.732449,1199.874266,1299.884315,1390.001459,1469.539853,1537.894162,1594.544167,1639.058729,1671.099063,1690.421325,1696.87846
Fy_051,302,1.03946E-13,147.8927025,294.6598523,439.1844627,580.3666141,717.1318252,848.43923,973.2895,1090.732449,1199.874266,1299.884315,1390.001459,1469.539853,1537.894162,1594.544167,1639.058729,1671.099063,1690.421325,1696.87846
Fy_052,303,1.03946E-13,147.8927025,294.6598523,439.1844627,580.3666141,717.1318252,848.43923,973.2895,1090.732449,1199.874266,1299.884315,1390.001459,1469.539853,1537.894162,1594.544167,1639.058729,1671.099063,1690.421325,1696.87846
Fy_053,304,1.03946E-13,147.8927025,294.6598523,439.1844627,580.3666141,717.1318252,848.43923,973.2895,1090.732449,1199.874266,1299.884315,1390.001459,1469.539853,1537.894162,1594.544167,1639.058729,1671.099063,1690.421325,1696.87846
Fy_054,305,1.03946E-13,147.8927025,294.6598523,439.1844627,580.3666141,717.1318252,848.43923,973.2895,1090.732449,1199.874266,1299.884315,1390.001459,1469.539853,1537.894162,1594.544167,1639.058729,1671.099063,1690.421325,1696.87846
Fy_055,308,1.03946E-13,147.8927025,294.6598523,439.1844627,580.3666141,717.1318252,848.43923,973.2895,1090.732449,1199.874266,1299.884315,1390.001459,1469.539853,1537.894162,1594.544167,1639.058729,1671.099063,1690.421325,1696.87846
Fy_056,309,1.03946E-13,147.8927025,294.6598523,439.1844627,580.3666141,717.1318252,848.43923,973.2895,1090.732449,1199.874266,1299.884315,1390.001459,1469.539853,1537.894162,1594.544167,1639.058729,1671.099063,1690.421325,1696.87846
Fy_057,310,1.03946E-13,147.8927025,294.6598523,439.1844627,580.3666141,717.1318252,848.43923,973.2895,1090.732449,1199.874266,1299.884315,1390.001459,1469.539853,1537.894162,1594.544167,1639.058729,1671.099063,1690.421325,1696.87846
Fy_058,311,1.03946E-13,147.8927025,294.6598523,439.1844627,580.3666141,717.1318252,848.43923,973.2895,1090.732449,1199.874266,1299.884315,1390.001459,1469.539853,1537.894162,1594.544167,1639.058729,1671.099063,1690.421325,1696.87846
Fy_059,313,1.03946E-13,147.8927025,294.6598523,439.1844627,580.3666141,717.1318252,848.43923,973.2895,1090.732449,1199.874266,1299.884315,1390.001459,1469.539853,1537.894162,1594.544167,1639.058729,1671.099063,1690.421325,1696.87846
Fy_060,314,1.03946E-13,147.8927025,294.6598523,439.1844627,580.3666141,717.1318252,848.43923,973.2895,1090.732449,1199.874266,1299.884315,1390.001459,1469.539853,1537.894162,1594.544167,1639.058729,1671.099063,1690.421325,1696.87846
Fy_061,315,1.03946E-13,147.8927025,294.6598523,439.1844627,580.3666141,717.1318252,848.43923,973.2895,1090.732449,1199.874266,1299.884315,1390.001459,1469.539853,1537.894162,1594.544167,1639.058729,1671.099063,1690.421325,1696.87846
Fy_062,316,1.03946E-13,147.8927025,294.6598523,439.1844627,580.3666141,717.1318252,848.43923,973.2895,1090.732449,1199.874266,1299.884315,1390.001459,1469.539853,1537.894162,1594.544167,1639.058729,1671.099063,1690.421325,1696.87846
Fy_063,317,1.03946E-13,147.8927025,294.6598523,439.1844627,580.3666141,717.1318252,848.43923,973.2895,1090.732449,1199.874266,1299.884315,1390.001459,1469.539853,1537.894162,1594.544167,1639.058729,1671.099063,1690.421325,1696.87846
Fy_064,318,1.03946E-13,147.8927025,294.6598523,439.1844627,580.3666141,717.1318252,848.43923,973.2895,1090.732449,1199.874266,1299.884315,1390.001459,1469.539853,1537.894162,1594.544167,1639.058729,1671.099063,1690.421325,1696.87846
Fy_065,320,1.03946E-13,147.8927025,294.6598523,439.1844627,580.3666141,717.1318252,848.43923,973.2895,1090.732449,1199.874266,1299.884315,1390.001459,1469.539853,1537.894162,1594.544167,1639.058729,1671.099063,1690.421325,1696.87846
Fy_066,321,1.03946E-13,147.8927025,294.6598523,439.1844627,580.3666141,717.1318252,848.43923,973.2895,1090.732449,1199.874266,1299.884315,1390.001459,1469.539853,1537.894162,1594.544167,1639.058729,1671.099063,1690.421325,1696.87846
Fy_067,322,1.03946E-13,147.8927025,294.6598523,439.1844627,580.3666141,717.1318252,848.43923,973.2895,1090.732449,1199.874266,1299.884315,1390.001459,1469.539853,1537.894162,1594.544167,1639.058729,1671.099063,1690.421325,1696.87846
Fy_068,323,1.03946E-13,147.8927025,294.6598523,439.1844627,580.3666141,717.1318252,848.43923,973.2895,1090.732449,1199.874266,1299.884315,1390.001459,1469.539853,1537.894162,1594.544167,1639.058729,1671.099063,1690.421325,1696.87846
Fy_069,324,1.03946E-13,147.8927025,294.6598523,439.1844627,580.3666141,717.1318252,848.43923,973.2895,1090.732449,1199.874266,1299.884315,1390.001459,1469.539853,1537.894162,1594.544167,1639.058729,1671.099063,1690.421325,1696.87846
Fy_070,326,1.03946E-13,147.8927025,294.6598523,439.1844627,580.3666141,717.1318252,848.43923,973.2895,1090.732449,1199.874266,1299.884315,1390.001459,1469.539853,1537.894162,1594.544167,1639.058729,1671.099063,1690.421325,1696.87846
Fy_071,327,1.03946E-13,147.8927025,294.6598523,439.1844627,580.3666141,717.1318252,848.43923,973.2895,1090.732449,1199.874266,1299.884315,1390.001459,1469.539853,1537.894162,1594.544167,1639.058729,1671.099063,1690.421325,1696.87846
Fy_072,329,1.03946E-13,147.8927025,294.6598523,439.1844627,580.3666141,717.1318252,848.43923,973.2895,1090.732449,1199.874266,1299.884315,1390.001459,1469.539853,1537.894162,1594.544167,1639.058729,1671.099063,1690.421325,1696.87846
Fy_073,330,1.03946E-13,147.8927025,294.6598523,439.1844627,580.3666141,717.1318252,848.43923,973.2895,1090.732449,1199.874266,1299.884315,1390.001459,1469.539853,1537.894162,1594.544167,1639.058729,1671.099063,1690.421325,1696.87846
Fy_074,332,1.03946E-13,147.8927025,294.6598523,439.1844627,580.3666141,717.1318252,848.43923,973.2895,1090.732449,1199.874266,1299.884315,1390.001459,1469.539853,1537.894162,1594.544167,1639.058729,1671.099063,1690.421325,1696.87846
Fy_075,333,1.03946E-13,147.8927025,294.6598523,439.1844627,580.3666141,717.1318252,848.43923,973.2895,1090.732449,1199.874266,1299.884315,1390.001459,1469.539853,1537.894162,1594.544167,1639.058729,1671.099063,1690.421325,1696.87846
Fy_076,334,1.03946E-13,147.8927025,294.6598523,439.1844627,580.3666141,717.1318252,848.43923,973.2895,1090.732449,1199.874266,1299.884315,1390.001459,1469.539853,1537.894162,1594.544167,1639.058729,1671.099063,1690.421325,1696.87846
Fy_077,337,1.03946E-13,147.8927025,294.6598523,439.1844627,580.3666141,717.1318252,848.43923,973.2895,1090.732449,1199.874266,1299.884315,1390.001459,1469.539853,1537.894162,1594.544167,1639.058729,1671.099063,1690.421325,1696.87846
Fy_078,338,1.03946E-13,147.8927025,294.6598523,439.1844627,580.3666141,717.1318252,848.43923,973.2895,1090.732449,1199.874266,1299.884315,1390.001459,1469.539853,1537.894162,1594.544167,1639.058729,1671.099063,1690.421325,1696.87846
Fy_079,408,1.03946E-13,147.8927025,294.6598523,439.1844627,580.3666141,717.1318252,848.43923,973.2895,1090.732449,1199.874266,1299.884315,1390.001459,1469.539853,1537.894162,1594.544167,1639.058729,1671.099063,1690.421325,1696.87846
Fy_080,409,1.03946E-13,147.8927025,294.6598523,439.1844627,580.3666141,717.1318252,848.43923,973.2895,1090.732449,1199.874266,1299.884315,1390.001459,1469.539853,1537.894162,1594.544167,1639.058729,1671.099063,1690.421325,1696.87846
Fy_081,410,1.03946E-13,147.8927025,294.6598523,439.1844627,580.3666141,717.1318252,848.43923,973.2895,1090.732449,1199.874266,1299.884315,1390.001459,1469.539853,1537.894162,1594.544167,1639.058729,1671.099063,1690.421325,1696.87846
Fy_082,411,1.03946E-13,147.8927025,294.6598523,439.1844627,580.3666141,717.1318252,848.43923,973.2895,1090.732449,1199.874266,1299.884315,1390.001459,1469.539853,1537.894162,1594.544167,1639.058729,1671.099063,1690.421325,1696.87846
Fy_083,414,1.03946E-13,147.8927025,294.6598523,439.1844627,580.3666141,717.1318252,848.43923,973.2895,1090.732449,1199.874266,1299.884315,1390.001459,1469.539853,1537.894162,1594.544167,1639.058729,1671.099063,1690.421325,1696.87846
Fy_084,415,1.03946E-13,147.8927025,294.6598523,439.1844627,580.3666141,717.1318252,848.43923,973.2895,1090.732449,1199.874266,1299.884315,1390.001459,1469.539853,1537.894162,1594.544167,1639.058729,1671.099063,1690.421325,1696.87846
Fy_085,416,1.03946E-13,147.8927025,294.6598523,439.1844627,580.3666141,717.1318252,848.43923,973.2895,1090.732449,1199.874266,1299.884315,1390.001459,1469.539853,1537.894162,1594.544167,1639.058729,1671.099063,1690.421325,1696.87846
Fy_086,417,1.03946E-13,147.8927025,294.6598523,439.1844627,580.3666141,717.1318252,848.43923,973.2895,1090.732449,1199.874266,1299.884315,1390.001459,1469.539853,1537.894162,1594.544167,1639.058729,1671.099063,1690.421325,1696.87846
Fy_087,418,1.03946E-13,147.8927025,294.6598523,439.1844627,580.3666141,717.1318252,848.43923,973.2895,1090.732449,1199.874266,1299.884315,1390.001459,1469.539853,1537.894162,1594.544167,1639.058729,1671.099063,1690.421325,1696.87846
Fy_088,420,1.03946E-13,147.8927025,294.6598523,439.1844627,580.3666141,717.1318252,848.43923,973.2895,1090.732449,1199.874266,1299.884315,1390.001459,1469.539853,1537.894162,1594.544167,1639.058729,1671.099063,1690.421325,1696.87846
Fy_089,421,1.03946E-13,147.8927025,294.6598523,439.1844627,580.3666141,717.1318252,848.43923,973.2895,1090.732449,1199.874266,1299.884315,1390.001459,1469.539853,1537.894162,1594.544167,1639.058729,1671.099063,1690.421325,1696.87846
Fy_090,422,1.03946E-13,147.8927025,294.6598523,439.1844627,580.3666141,717.1318252,848.43923,973.2895,1090.732449,1199.874266,1299.884315,1390.001459,1469.539853,1537.894162,1594.544167,1639.058729,1671.099063,1690.421325,1696.87846
Fy_091,423,1.03946E-13,147.8927025,294.6598523,439.1844627,580.3666141,717.1318252,848.43923,973.2895,1090.732449,1199.874266,1299.884315,1390.001459,1469.539853,1537.894162,1594.544167,1639.058729,1671.099063,1690.421325,1696.87846
Fy_092,424,1.03946E-13,147.8927025,294.6598523,439.1844627,580.3666141,717.1318252,848.43923,973.2895,1090.732449,1199.874266,1299.884315,1390.001459,1469.539853,1537.894162,1594.544167,1639.058729,1671.099063,1690.421325,1696.87846
Fy_093,427,1.03946E-13,147.8927025,294.6598523,439.1844627,580.3666141,717.1318252,848.43923,973.2895,1090.732449,1199.874266,1299.884315,1390.001459,1469.539853,1537.894162,1594.544167,1639.058729,1671.099063,1690.421325,1696.87846
Fy_094,429,1.03946E-13,147.8927025,294.6598523,439.1844627,580.3666141,717.1318252,848.43923,973.2895,1090.732449,1199.874266,1299.884315,1390.001459,1469.539853,1537.894162,1594.544167,1639.058729,1671.099063,1690.421325,1696.87846
Fy_095,430,1.03946E-13,147.8927025,294.6598523,439.1844627,580.3666141,717.1318252,848.43923,973.2895,1090.732449,1199.874266,1299.884315,1390.001459,1469.539853,1537.894162,1594.544167,1639.058729,1671.099063,1690.421325,1696.87846
Fy_096,432,1.03946E-13,147.8927025,294.6598523,439.1844627,580.3666141,717.1318252,848.43923,973.2895,1090.732449,1199.874266,1299.884315,1390.001459,1469.539853,1537.894162,1594.544167,1639.058729,1671.099063,1690.421325,1696.87846
Fy_097,433,1.03946E-13,147.8927025,294.6598523,439.1844627,580.3666141,717.1318252,848.43923,973.2895,1090.732449,1199.874266,1299.884315,1390.001459,1469.539853,1537.894162,1594.544167,1639.058729,1671.099063,1690.421325,1696.87846
Fy_098,434,1.03946E-13,147.8927025,294.6598523,439.1844627,580.3666141,717.1318252,848.43923,973.2895,1090.732449,1199.874266,1299.884315,1390.001459,1469.539853,1537.894162,1594.544167,1639.058729,1671.099063,1690.421325,1696.87846
Fy_099,437,1.03946E-13,147.8927025,294.6598523,439.1844627,580.3666141,717.1318252,848.43923,973.2895,1090.732449,1199.874266,1299.884315,1390.001459,1469.539853,1537.894162,1594.544167,1639.058729,1671.099063,1690.421325,1696.87846
Fy_100,438,1.03946E-13,147.8927025,294.6598523,439.1844627,580.3666141,717.1318252,848.43923,973.2895,1090.732449,1199.874266,1299.884315,1390.001459,1469.539853,1537.894162,1594.544167,1639.058729,1671.099063,1690.421325,1696.87846
Fx_001,112,0,0,0,0,0,0,0,0,0,0,0,0,0,0,0,0,0,0,0
Fx_002,128,0,0,0,0,0,0,0,0,0,0,0,0,0,0,0,0,0,0,0
Fx_003,135,0,0,0,0,0,0,0,0,0,0,0,0,0,0,0,0,0,0,0
Fx_004,212,0,0,0,0,0,0,0,0,0,0,0,0,0,0,0,0,0,0,0
Fx_005,228,0,0,0,0,0,0,0,0,0,0,0,0,0,0,0,0,0,0,0
Fx_006,235,0,0,0,0,0,0,0,0,0,0,0,0,0,0,0,0,0,0,0
Fx_007,312,0,0,0,0,0,0,0,0,0,0,0,0,0,0,0,0,0,0,0
Fx_008,328,0,0,0,0,0,0,0,0,0,0,0,0,0,0,0,0,0,0,0
Fx_009,335,0,0,0,0,0,0,0,0,0,0,0,0,0,0,0,0,0,0,0
Fx_010,412,0,0,0,0,0,0,0,0,0,0,0,0,0,0,0,0,0,0,0
Fx_011,428,0,0,0,0,0,0,0,0,0,0,0,0,0,0,0,0,0,0,0
Fx_012,435,0,0,0,0,0,0,0,0,0,0,0,0,0,0,0,0,0,0,0
